external_id,name,email,phone,plan,monthly_revenue,contract_length_months,signup_date,contract_end_date,last_activity_date,logins_last_30d,feature_usage_score,support_tickets_open,support_tickets_total,nps_score,billing_issues_count,country,industry,company_size,is_churned,churned_at
EXT-1000,"Rodriguez, Figueroa and Sanchez",jillrhodes@miller.com,989.608.3863,growth,316.51,,2023-07-18,,2026-05-30,7,77.4,0,8,-16,0,GB,E-commerce,small,false,
EXT-1001,Blake and Sons,jpeterson@bernard.com,361-855-9407,starter,52.98,,2023-02-12,,2026-05-27,35,59.4,2,7,-20,0,IN,MarTech,mid,false,
EXT-1002,Arnold Ltd,barbara10@perez.com,664-375-2553,starter,192.58,,2023-11-21,,2024-12-17,0,14.0,2,5,73,3,NL,FinTech,mid,true,2025-01-13
EXT-1003,"Reid, Ferguson and Sanchez",ogray@hawkins.com,505.964.1395,free,0.00,,2023-08-24,,2026-05-22,57,90.3,1,9,-15,0,DE,FinTech,small,false,
EXT-1004,Wilkerson-Day,josephwright@ryan.org,(353)828-7101x2269,enterprise,2830.44,12,2024-07-17,2025-07-17,2026-04-23,24,54.9,2,10,67,0,BR,HealthTech,large,false,
EXT-1005,Carlson-Mcdonald,tasha01@dyer.com,346-627-0482,growth,413.38,24,2024-02-17,2026-02-17,2026-05-27,36,45.4,0,5,-16,1,IN,EdTech,small,false,
EXT-1006,"Romero, Gonzalez and Brooks",amberosborne@sellers.com,(443)903-9117x182,starter,190.44,,2023-10-07,,2026-05-14,26,91.9,3,10,-3,0,NL,InsurTech,mid,false,
EXT-1007,"Martin, Rose and Obrien",sarahcampos@harris.com,587.213.3150x983,growth,598.90,,2025-04-10,,2026-04-21,33,64.5,0,12,-1,0,IN,PropTech,small,false,
EXT-1008,Zimmerman Inc,carlosjohnson@jones-young.info,582.399.7376,starter,138.38,,2024-08-16,,2026-05-18,56,96.0,0,10,48,1,FR,FinTech,mid,false,
EXT-1009,Hopkins LLC,ujenkins@nunez.com,4658133387,starter,117.06,,2023-06-24,,2026-05-31,12,65.5,1,1,44,0,CA,MarTech,small,false,
EXT-1010,Ramirez and Sons,ramosmichelle@garcia.com,432-867-7360,starter,165.79,,not-a-date,,2026-05-21,21,64.2,1,1,86,1,AU,SaaS,small,false,
EXT-1011,Galloway LLC,smitchell@cowan.com,243.909.8050,enterprise,4814.32,,2022-06-25,,2026-05-31,35,83.6,2,2,50,0,DE,InsurTech,large,false,
EXT-1012,"Calhoun, Schmidt and Brown",yorkcasey@leonard.biz,793-699-0916,starter,80.77,,2025-01-09,,2026-05-27,13,79.9,2,6,46,1,GB,E-commerce,small,false,
EXT-1013,Santiago LLC,josephanderson@evans.com,6794911838,free,0.00,,2022-02-13,,2026-04-27,38,45.4,0,1,95,0,FR,FinTech,large,false,
EXT-1014,Ibarra-Suarez,justin78@turner.net,4846124118,starter,149.35,,2023-03-15,,2026-05-29,60,91.8,3,9,40,1,AU,FinTech,small,false,
EXT-1015,Jacobs-Robbins,gracefarrell@freeman.com,+1-264-300-5242x7868,growth,547.01,24,2024-04-21,2026-04-21,2026-04-16,44,75.7,0,10,,1,GB,E-commerce,small,false,
EXT-1016,Landry Ltd,amydavenport@tran.com,4535315869,starter,116.29,,2024-05-14,,2026-05-12,16,91.2,1,1,89,0,US,InsurTech,small,false,
EXT-1017,Cherry and Sons,vjohnson@patton-jenkins.com,521-260-7337x543,enterprise,4742.28,12,2023-04-30,2024-04-30,2026-05-13,14,90.5,0,0,29,1,SG,EdTech,mid,false,
EXT-1018,"Lee, Murphy and Lin",michael86@zavala.com,329-840-1965x569,growth,810.35,12,2025-02-12,2026-02-12,2026-04-22,13,50.8,0,0,-13,0,BR,LegalTech,large,false,
EXT-1019,"Lee, Williams and Graham",michaeljones@mccall.com,001-448-646-5648x236,enterprise,3358.94,,2022-04-27,,2026-06-06,12,34.8,0,1,100,0,BR,PropTech,small,false,
EXT-1020,Kelley-Smith,jason99@morris.net,221.248.9513x4332,premium,592.46,12,2025-04-10,2026-04-10,2026-06-11,17,44.3,2,11,30,0,DE,LegalTech,mid,false,
EXT-1021,Riggs PLC,gibsonolivia@lee.com,(501)363-2870,enterprise,4775.07,24,2022-01-20,2024-01-20,2026-04-19,5,67.6,2,8,24,0,AU,MarTech,mid,false,
EXT-1022,Anderson-Marshall,stephanie79@mcclain.info,(677)943-4873,starter,174.06,,2023-09-12,,2026-06-03,42,67.0,2,10,-7,0,DE,FinTech,small,false,
EXT-1023,Reeves and Sons,matthew81@hernandez.com,001-831-266-5876x036,growth,407.81,24,2023-08-01,2025-08-01,2026-05-04,14,78.1,3,4,96,0,GB,HRTech,mid,false,
EXT-1024,"James, Smith and Bell",acastaneda@adkins.com,234.867.0656x2729,free,0.00,,2023-11-15,,2026-05-23,17,41.3,3,7,-6,0,CA,InsurTech,small,false,
EXT-1025,"Elliott, Johnson and Day",michellewhite@gray-lewis.com,264-564-1708x05310,growth,706.76,,2022-10-31,,2026-05-02,24,92.9,0,12,6,0,GB,MarTech,large,false,
EXT-1026,Combs PLC,johnwells@elliott.info,001-645-829-9124x190,enterprise,2922.32,,2022-11-13,,2026-06-07,11,98.3,1,12,-17,0,FR,HRTech,large,false,
EXT-1027,David-Gonzalez,curtisbarton@burke.com,(786)951-8506x716,enterprise,4337.62,24,2023-07-01,2025-07-01,2026-04-19,25,91.1,1,7,97,1,FR,EdTech,small,false,
EXT-1028,"Hernandez, Thompson and Boyd",christina87@graham-simon.com,431-947-3799x65075,starter,148.00,,2024-03-27,,2026-06-07,5,97.7,2,4,31,1,US,FinTech,mid,false,
EXT-1029,Kelly LLC,joshua94@smith.biz,783.977.7014x3634,starter,193.38,,2023-06-28,,2025-12-14,0,23.2,3,5,45,0,IN,PropTech,small,true,2026-01-02
EXT-1030,,michael74@king-martinez.com,618-523-3749x89413,starter,155.32,,2022-01-04,,2026-06-03,35,78.1,1,11,-12,1,BR,MarTech,large,false,
EXT-1031,White-Smith,joshuamccann@carter.info,209-647-7752,growth,802.83,24,2023-09-08,2025-09-08,2026-05-09,21,58.2,1,4,65,1,CA,PropTech,large,false,
EXT-1032,Wilson-Jones,ojones@brown.com,831-986-9993,starter,131.19,,2022-01-01,,2026-04-26,28,85.0,2,9,36,0,NL,LegalTech,large,false,
EXT-1033,Evans-Chapman,ntorres@lynch.com,001-933-641-2328x120,starter,61.72,,2024-11-21,,2026-05-22,22,36.5,1,12,8,0,CA,SaaS,small,false,
EXT-1034,Hall Ltd,jacqueline71@hall.org,+1-636-918-3242x1024,starter,120.27,,2022-05-30,,2026-06-08,41,70.3,3,11,11,0,US,FinTech,mid,false,
EXT-1035,Harrison LLC,gbender@snyder.biz,001-459-940-1399x049,starter,169.62,,2024-11-26,,2026-05-18,16,94.2,1,1,39,1,SG,PropTech,large,false,
EXT-1036,"Pearson, Moon and White",fwalters@harrison.com,712-356-7468x07154,enterprise,2993.59,,2025-01-27,,2026-05-30,56,63.2,1,4,15,1,AU,EdTech,mid,false,
EXT-1037,Hancock-Bryan,sandovalamy@brown-stone.org,001-577-403-4824x771,free,0.00,,2023-08-09,,2026-05-04,21,92.5,0,1,29,0,AU,FinTech,mid,false,
EXT-1038,Pierce-Tran,walkermaureen@murray.com,448.346.7737x8263,starter,130.39,,2024-05-01,,2025-07-17,0,27.6,0,9,77,4,IN,LegalTech,small,true,2025-08-04
EXT-1039,Barton-Dickerson,sarah84@campbell.org,001-872-978-7558,enterprise,2545.14,12,2024-03-09,2025-03-09,2026-05-17,48,81.4,1,12,14,1,SG,SaaS,mid,false,
EXT-1040,Kane-Pollard,ashleyhall@williams-garner.biz,(227)402-8951x7187,starter,150.87,,2024-04-08,,2026-06-05,30,94.4,0,9,55,0,GB,HRTech,small,false,
EXT-1041,Pitts-Booker,harrisontanya@hanson-sanders.com,386-357-8091x34316,enterprise,2136.05,,2023-06-17,,2026-05-12,21,53.6,2,6,86,1,DE,FinTech,mid,false,
EXT-1042,Jackson-Evans,williamslaura@howard-jordan.com,569.922.2196x93792,free,0.00,,2025-01-09,,2026-05-22,0,10.6,0,1,11,1,US,PropTech,small,true,2026-06-10
EXT-1043,"King, Scott and Smith",rsantana@moore.org,664-674-3671x3695,starter,120.03,,2022-08-23,,2026-04-26,30,79.0,2,12,57,0,CA,EdTech,small,false,
EXT-1044,Spence Ltd,khill@osborne.info,239-753-3942x1047,growth,949.22,12,2025-03-25,2026-03-25,2026-05-08,46,43.9,1,9,78,1,BR,FinTech,large,false,
EXT-1045,"Anderson, Browning and Murphy",ithompson@walter.com,(547)845-1712,growth,542.04,,2024-05-27,,2026-05-15,42,53.9,3,6,26,1,CA,HRTech,small,false,
EXT-1046,"Diaz, Gibbs and Smith",gibsonemily@baker.com,337-909-8593,growth,974.83,24,2023-07-08,2025-07-08,2026-06-01,31,62.5,2,11,11,0,DE,LegalTech,small,false,
EXT-1047,"Turner, Ortiz and Taylor",torrestravis@young.com,(275)786-9261x7964,growth,697.89,12,2024-02-16,2025-02-16,2026-06-06,21,42.7,2,3,23,1,BR,EdTech,large,false,
EXT-1048,Ramos and Sons,cory58@howard.com,513.590.0532x931,free,0.00,,2023-01-27,,2025-05-23,0,18.9,3,3,42,3,US,FinTech,mid,true,2025-06-07
EXT-1049,Murphy and Sons,ramireztracey@fernandez.com,+1-302-305-3950x2402,starter,152.77,,2023-09-20,,2026-05-06,31,68.7,3,5,50,1,FR,LegalTech,mid,false,
